"country_id"	"system_source"	"year_source"	"taxon_source"	"level_source"	"code_source"	"system_destination"	"year_destination"	"taxon_destination"	"level_destination"	"code_destination"	"comment"	"expert"
"BR"	"Braziliam System of Soil Classification"	2006	"Neossolo"	1	"R"	"FAO/UNESCO"	1974	"unkown"	1	"unkown"	"Accurate correlation cannot be acchieved using only first level classification."	"Alessandro Samuel Rosa"
"BR"	"Braziliam System of Soil Classification"	2006	"Neossolo Quartzarênico"	2	"RQ"	"FAO/UNESCO"	1974	"Arenosol"	1	"AR"	""	"Alessandro Samuel Rosa"
"BR"	"Braziliam System of Soil Classification"	2006	"Neossolo Regolítico"	2	"RR"	"FAO/UNESCO"	1974	"Regosol"	1	"RG"	""	"Alessandro Samuel Rosa"
"BR"	"Braziliam System of Soil Classification"	2006	"Neossolo Litólico"	2	"RL"	"FAO/UNESCO"	1974	"Leptosol"	1	"LP"	""	"Alessandro Samuel Rosa"
"BR"	"Braziliam System of Soil Classification"	2006	"Neossolo Flúvico"	2	"RY"	"FAO/UNESCO"	1974	"Fluvisol"	1	"FL"	""	"Alessandro Samuel Rosa"
"BR"	"Braziliam System of Soil Classification"	2006	"Vertissolo"	1	"V"	"FAO/UNESCO"	1974	"Vertisol"	1	"VR"	""	"Alessandro Samuel Rosa"
"BR"	"Braziliam System of Soil Classification"	2006	"Cambissolo"	1	"C"	"FAO/UNESCO"	1974	"Cambisol"	1	"CM"	""	"Alessandro Samuel Rosa"
"BR"	"Braziliam System of Soil Classification"	2006	"Chernossolo"	1	"M"	"FAO/UNESCO"	1974	"Phaeozem"	1	"PH"	"Chernozem, Kastanozem, Phaeozem, Greyzem.  Accurate correlation cannot be acchieved using only first level classification."	"Alessandro Samuel Rosa"
"BR"	"Braziliam System of Soil Classification"	2006	"Luvissolo"	1	"T"	"FAO/UNESCO"	1974	"Luvisol"	1	"LV"	""	"Alessandro Samuel Rosa"
"BR"	"Braziliam System of Soil Classification"	2006	"Argissolo"	1	"P"	"FAO/UNESCO"	1974	"unkown"	1	"unkown"	"Alisol, Acrisol, Lixisol. Accurate correlation cannot be acchieved using only first level classification."	"Alessandro Samuel Rosa"
"BR"	"Braziliam System of Soil Classification"	2006	"Argissolo Bruno-Acinzentado"	2	"PBAC"	"FAO/UNESCO"	1974	"Alisol"	1	"AL"	""	"Alessandro Samuel Rosa"
"BR"	"Braziliam System of Soil Classification"	2006	"Argissolo Amarelo Alumínico"	3	"PAa"	"FAO/UNESCO"	1974	"Alisol"	1	"AL"	""	"Alessandro Samuel Rosa"
"BR"	"Braziliam System of Soil Classification"	2006	"Argissolo Vermelho Alumínico"	3	"PVa"	"FAO/UNESCO"	1974	"Alisol"	1	"AL"	""	"Alessandro Samuel Rosa"
"BR"	"Braziliam System of Soil Classification"	2006	"Argissolo Vermelho-Amarelo Alumínico"	3	"PVAa"	"FAO/UNESCO"	1974	"Alisol"	1	"AL"	""	"Alessandro Samuel Rosa"
"BR"	"Braziliam System of Soil Classification"	2006	"Argissolo Acinzentado Distrocoeso"	3	"PACdx"	"FAO/UNESCO"	1974	"Acrisol"	1	"AC"	""	"Alessandro Samuel Rosa"
"BR"	"Braziliam System of Soil Classification"	2006	"Argissolo Acinzentado Distrófico"	3	"PACd"	"FAO/UNESCO"	1974	"Acrisol"	1	"AC"	""	"Alessandro Samuel Rosa"
"BR"	"Braziliam System of Soil Classification"	2006	"Argissolo Amarelo Alítico"	3	"PAal"	"FAO/UNESCO"	1974	"Acrisol"	1	"AC"	""	"Alessandro Samuel Rosa"
"BR"	"Braziliam System of Soil Classification"	2006	"Argissolo Amarelo Distrocoeso"	3	"PAdx"	"FAO/UNESCO"	1974	"Acrisol"	1	"AC"	""	"Alessandro Samuel Rosa"
"BR"	"Braziliam System of Soil Classification"	2006	"Argissolo Amarelo Distrófico"	3	"PAd"	"FAO/UNESCO"	1974	"Acrisol"	1	"AC"	""	"Alessandro Samuel Rosa"
"BR"	"Braziliam System of Soil Classification"	2006	"Argissolo Vermelho Alítico"	3	"PVal"	"FAO/UNESCO"	1974	"Acrisol"	1	"AC"	""	"Alessandro Samuel Rosa"
"BR"	"Braziliam System of Soil Classification"	2006	"Argissolo Vermelho Ta Distrófico"	3	"PVvd"	"FAO/UNESCO"	1974	"Acrisol"	1	"AC"	""	"Alessandro Samuel Rosa"
"BR"	"Braziliam System of Soil Classification"	2006	"Argissolo Vermelho Distrófico"	3	"PVd"	"FAO/UNESCO"	1974	"Acrisol"	1	"AC"	""	"Alessandro Samuel Rosa"
"BR"	"Braziliam System of Soil Classification"	2006	"Argissolo Vermelho-Amarelo Alítico"	3	"PVAal"	"FAO/UNESCO"	1974	"Acrisol"	1	"AC"	""	"Alessandro Samuel Rosa"
"BR"	"Braziliam System of Soil Classification"	2006	"Argissolo Vermelho-Amarelo Ta Distrófico"	3	"PVAvd"	"FAO/UNESCO"	1974	"Acrisol"	1	"AC"	""	"Alessandro Samuel Rosa"
"BR"	"Braziliam System of Soil Classification"	2006	"Argissolo Vermelho-Amarelo Distrófico"	3	"PVAd"	"FAO/UNESCO"	1974	"Acrisol"	1	"AC"	""	"Alessandro Samuel Rosa"
"BR"	"Braziliam System of Soil Classification"	2006	"Argissolo Acinzentado Eutrófico"	3	"PACe"	"FAO/UNESCO"	1974	"Lixisol"	1	"LX"	""	"Alessandro Samuel Rosa"
"BR"	"Braziliam System of Soil Classification"	2006	"Argissolo Amarelo Eutrocoeso"	3	"PAex"	"FAO/UNESCO"	1974	"Lixisol"	1	"LX"	""	"Alessandro Samuel Rosa"
"BR"	"Braziliam System of Soil Classification"	2006	"Argissolo Amarelo Eutrófico"	3	"PAe"	"FAO/UNESCO"	1974	"Lixisol"	1	"LX"	""	"Alessandro Samuel Rosa"
"BR"	"Braziliam System of Soil Classification"	2006	"Argissolo Vermelho Eutroférrico"	3	"PVef"	"FAO/UNESCO"	1974	"Lixisol"	1	"LX"	""	"Alessandro Samuel Rosa"
"BR"	"Braziliam System of Soil Classification"	2006	"Argissolo Vermelho Eutrófico"	3	"PVe"	"FAO/UNESCO"	1974	"Lixisol"	1	"LX"	""	"Alessandro Samuel Rosa"
"BR"	"Braziliam System of Soil Classification"	2006	"Argissolo Vermelho-Amarelo Eutrófico"	3	"PVAe"	"FAO/UNESCO"	1974	"Lixisol"	1	"LX"	""	"Alessandro Samuel Rosa"
"BR"	"Braziliam System of Soil Classification"	2006	"Latossolo"	1	"L"	"FAO/UNESCO"	1974	"Ferralsol"	1	"FR"	""	"Alessandro Samuel Rosa"
"BR"	"Braziliam System of Soil Classification"	2006	"Espodossolo"	1	"E"	"FAO/UNESCO"	1974	"Podzol"	1	"PZ"	""	"Alessandro Samuel Rosa"
"BR"	"Braziliam System of Soil Classification"	2006	"Planossolo"	1	"S"	"FAO/UNESCO"	1974	"Planosol"	1	"PL"	"Planosol, Solonetz. Accurate correlation cannot be acchieved using only first level classification."	"Alessandro Samuel Rosa"
"BR"	"Braziliam System of Soil Classification"	2006	"Planossolo Nátrico"	2	"SN"	"FAO/UNESCO"	1974	"Solonetz"	1	"SN"	""	"Alessandro Samuel Rosa"
"BR"	"Braziliam System of Soil Classification"	2006	"Plintossolo"	1	"F"	"FAO/UNESCO"	1974	"Plinthosol"	1	"PT"	""	"Alessandro Samuel Rosa"
"BR"	"Braziliam System of Soil Classification"	2006	"Gleissolo"	1	"G"	"FAO/UNESCO"	1974	"Gleysol"	1	"GL"	"Gleysol, Solonchak. Accurate correlation cannot be acchieved using only first level classification."	"Alessandro Samuel Rosa"
"BR"	"Braziliam System of Soil Classification"	2006	"Gleissolo Sálico"	2	"GZ"	"FAO/UNESCO"	1974	"Solonchak"	1	"SC"	""	"Alessandro Samuel Rosa"
"BR"	"Braziliam System of Soil Classification"	2006	"Organossolo"	1	"O"	"FAO/UNESCO"	1974	"Histosol"	1	"HS"	""	"Alessandro Samuel Rosa"
"BR"	"Braziliam System of Soil Classification"	2006	"Nitossolo"	1	"N"	"FAO/UNESCO"	1974	"Nitisol"	1	"NT"	"Nitisol, Lixisol, Alisol. Accurate correlation cannot be acchieved using only first level classification."	"Alessandro Samuel Rosa"
"BR"	"Braziliam System of Soil Classification"	2006	"Neossolo"	1	"R"	"FAO-WRB"	2007	"unkown"	1	"unkown"	"Accurate correlation cannot be acchieved using only first level classification."	"Alessandro Samuel Rosa"
"BR"	"Braziliam System of Soil Classification"	2006	"Neossolo Quartzarênico"	2	"RQ"	"FAO-WRB"	2007	"Arenosol"	1	"AR"	""	"Alessandro Samuel Rosa"
"BR"	"Braziliam System of Soil Classification"	2006	"Neossolo Regolítico"	2	"RR"	"FAO-WRB"	2007	"Regosol"	1	"RG"	""	"Alessandro Samuel Rosa"
"BR"	"Braziliam System of Soil Classification"	2006	"Neossolo Litólico"	2	"RL"	"FAO-WRB"	2007	"Leptosol"	1	"LP"	""	"Alessandro Samuel Rosa"
"BR"	"Braziliam System of Soil Classification"	2006	"Neossolo Flúvico"	2	"RY"	"FAO-WRB"	2007	"Fluvisol"	1	"FL"	""	"Alessandro Samuel Rosa"
"BR"	"Braziliam System of Soil Classification"	2006	"Vertissolo"	1	"V"	"FAO-WRB"	2007	"Vertisol"	1	"VR"	""	"Alessandro Samuel Rosa"
"BR"	"Braziliam System of Soil Classification"	2006	"Cambissolo"	1	"C"	"FAO-WRB"	2007	"Cambisol"	1	"CM"	""	"Alessandro Samuel Rosa"
"BR"	"Braziliam System of Soil Classification"	2006	"Chernossolo"	1	"M"	"FAO-WRB"	2007	"Phaeozem"	1	"PH"	"Chernozem, Kastanozem, Phaeozem. Accurate correlation cannot be acchieved using only first level classification."	"Alessandro Samuel Rosa"
"BR"	"Braziliam System of Soil Classification"	2006	"Luvissolo"	1	"T"	"FAO-WRB"	2007	"Luvisol"	1	"LV"	""	"Alessandro Samuel Rosa"
"BR"	"Braziliam System of Soil Classification"	2006	"Argissolo"	1	"P"	"FAO-WRB"	2007	"unkown"	1	"unkown"	"Alisol, Acrisol, Lixisol. Accurate correlation cannot be acchieved using only first level classification."	"Alessandro Samuel Rosa"
"BR"	"Braziliam System of Soil Classification"	2006	"Argissolo Bruno-Acinzentado"	2	"PBAC"	"FAO-WRB"	2007	"Alisol"	1	"AL"	""	"Alessandro Samuel Rosa"
"BR"	"Braziliam System of Soil Classification"	2006	"Argissolo Amarelo Alumínico"	3	"PAa"	"FAO-WRB"	2007	"Alisol"	1	"AL"	""	"Alessandro Samuel Rosa"
"BR"	"Braziliam System of Soil Classification"	2006	"Argissolo Vermelho Alumínico"	3	"PVa"	"FAO-WRB"	2007	"Alisol"	1	"AL"	""	"Alessandro Samuel Rosa"
"BR"	"Braziliam System of Soil Classification"	2006	"Argissolo Vermelho-Amarelo Alumínico"	3	"PVAa"	"FAO-WRB"	2007	"Alisol"	1	"AL"	""	"Alessandro Samuel Rosa"
"BR"	"Braziliam System of Soil Classification"	2006	"Argissolo Acinzentado Distrocoeso"	3	"PACdx"	"FAO-WRB"	2007	"Acrisol"	1	"AC"	""	"Alessandro Samuel Rosa"
"BR"	"Braziliam System of Soil Classification"	2006	"Argissolo Acinzentado Distrófico"	3	"PACd"	"FAO-WRB"	2007	"Acrisol"	1	"AC"	""	"Alessandro Samuel Rosa"
"BR"	"Braziliam System of Soil Classification"	2006	"Argissolo Amarelo Alítico"	3	"PAal"	"FAO-WRB"	2007	"Acrisol"	1	"AC"	""	"Alessandro Samuel Rosa"
"BR"	"Braziliam System of Soil Classification"	2006	"Argissolo Amarelo Distrocoeso"	3	"PAdx"	"FAO-WRB"	2007	"Acrisol"	1	"AC"	""	"Alessandro Samuel Rosa"
"BR"	"Braziliam System of Soil Classification"	2006	"Argissolo Amarelo Distrófico"	3	"PAd"	"FAO-WRB"	2007	"Acrisol"	1	"AC"	""	"Alessandro Samuel Rosa"
"BR"	"Braziliam System of Soil Classification"	2006	"Argissolo Vermelho Alítico"	3	"PVal"	"FAO-WRB"	2007	"Acrisol"	1	"AC"	""	"Alessandro Samuel Rosa"
"BR"	"Braziliam System of Soil Classification"	2006	"Argissolo Vermelho Ta Distrófico"	3	"PVvd"	"FAO-WRB"	2007	"Acrisol"	1	"AC"	""	"Alessandro Samuel Rosa"
"BR"	"Braziliam System of Soil Classification"	2006	"Argissolo Vermelho Distrófico"	3	"PVd"	"FAO-WRB"	2007	"Acrisol"	1	"AC"	""	"Alessandro Samuel Rosa"
"BR"	"Braziliam System of Soil Classification"	2006	"Argissolo Vermelho-Amarelo Alítico"	3	"PVAal"	"FAO-WRB"	2007	"Acrisol"	1	"AC"	""	"Alessandro Samuel Rosa"
"BR"	"Braziliam System of Soil Classification"	2006	"Argissolo Vermelho-Amarelo Ta Distrófico"	3	"PVAvd"	"FAO-WRB"	2007	"Acrisol"	1	"AC"	""	"Alessandro Samuel Rosa"
"BR"	"Braziliam System of Soil Classification"	2006	"Argissolo Vermelho-Amarelo Distrófico"	3	"PVAd"	"FAO-WRB"	2007	"Acrisol"	1	"AC"	""	"Alessandro Samuel Rosa"
"BR"	"Braziliam System of Soil Classification"	2006	"Argissolo Acinzentado Eutrófico"	3	"PACe"	"FAO-WRB"	2007	"Lixisol"	1	"LX"	""	"Alessandro Samuel Rosa"
"BR"	"Braziliam System of Soil Classification"	2006	"Argissolo Amarelo Eutrocoeso"	3	"PAex"	"FAO-WRB"	2007	"Lixisol"	1	"LX"	""	"Alessandro Samuel Rosa"
"BR"	"Braziliam System of Soil Classification"	2006	"Argissolo Amarelo Eutrófico"	3	"PAe"	"FAO-WRB"	2007	"Lixisol"	1	"LX"	""	"Alessandro Samuel Rosa"
"BR"	"Braziliam System of Soil Classification"	2006	"Argissolo Vermelho Eutroférrico"	3	"PVef"	"FAO-WRB"	2007	"Lixisol"	1	"LX"	""	"Alessandro Samuel Rosa"
"BR"	"Braziliam System of Soil Classification"	2006	"Argissolo Vermelho Eutrófico"	3	"PVe"	"FAO-WRB"	2007	"Lixisol"	1	"LX"	""	"Alessandro Samuel Rosa"
"BR"	"Braziliam System of Soil Classification"	2006	"Argissolo Vermelho-Amarelo Eutrófico"	3	"PVAe"	"FAO-WRB"	2007	"Lixisol"	1	"LX"	""	"Alessandro Samuel Rosa"
"BR"	"Braziliam System of Soil Classification"	2006	"Latossolo"	1	"L"	"FAO-WRB"	2007	"Ferralsol"	1	"FR"	""	"Alessandro Samuel Rosa"
"BR"	"Braziliam System of Soil Classification"	2006	"Espodossolo"	1	"E"	"FAO-WRB"	2007	"Podzol"	1	"PZ"	""	"Alessandro Samuel Rosa"
"BR"	"Braziliam System of Soil Classification"	2006	"Planossolo"	1	"S"	"FAO-WRB"	2007	"Planosol"	1	"PL"	"Planosol, Solonetz. Accurate correlation cannot be acchieved using only first level classification."	"Alessandro Samuel Rosa"
"BR"	"Braziliam System of Soil Classification"	2006	"Planossolo Nátrico"	2	"SN"	"FAO-WRB"	2007	"Solonetz"	1	"SN"	""	"Alessandro Samuel Rosa"
"BR"	"Braziliam System of Soil Classification"	2006	"Plintossolo"	1	"F"	"FAO-WRB"	2007	"Plinthosol"	1	"PT"	""	"Alessandro Samuel Rosa"
"BR"	"Braziliam System of Soil Classification"	2006	"Gleissolo"	1	"G"	"FAO-WRB"	2007	"Gleysol"	1	"GL"	"Gleysol, Solonchak. Accurate correlation cannot be acchieved using only first level classification."	"Alessandro Samuel Rosa"
"BR"	"Braziliam System of Soil Classification"	2006	"Gleissolo Sálico"	2	"GZ"	"FAO-WRB"	2007	"Solonchak"	1	"SC"	""	"Alessandro Samuel Rosa"
"BR"	"Braziliam System of Soil Classification"	2006	"Organossolo"	1	"O"	"FAO-WRB"	2007	"Histosol"	1	"HS"	""	"Alessandro Samuel Rosa"
"BR"	"Braziliam System of Soil Classification"	2006	"Nitossolo"	1	"N"	"FAO-WRB"	2007	"Nitisol"	1	"NT"	"Nitisol, Lixisol, Alisol. Accurate correlation cannot be acchieved using only first level classification."	"Alessandro Samuel Rosa"
"BR"	"Braziliam System of Soil Classification"	2006	"Neossolo"	1	"R"	"Soil Taxonomy"	2010	"Entisol"	1	"unkown"	""	"Alessandro Samuel Rosa"
"BR"	"Braziliam System of Soil Classification"	2006	"Vertissolo"	1	"V"	"Soil Taxonomy"	2010	"Vertisol"	1	"unkown"	""	"Alessandro Samuel Rosa"
"BR"	"Braziliam System of Soil Classification"	2006	"Cambissolo"	1	"C"	"Soil Taxonomy"	2010	"Inceptisol"	1	"unkown"	""	"Alessandro Samuel Rosa"
"BR"	"Braziliam System of Soil Classification"	2006	"Chernossolo"	1	"M"	"Soil Taxonomy"	2010	"Molisol"	1	"unkown"	"Only those with high clay activity as defined by the Brazilian System of Soil Classification."	"Alessandro Samuel Rosa"
"BR"	"Braziliam System of Soil Classification"	2006	"Luvissolo"	1	"T"	"Soil Taxonomy"	2010	"Alfisol"	1	"unkown"	"Alfisols, Aridisols (Argids). Accurate correlation cannot be acchieved using only first level classification."	"Alessandro Samuel Rosa"
"BR"	"Braziliam System of Soil Classification"	2006	"Argissolo"	1	"P"	"Soil Taxonomy"	2010	"Ultisol"	1	"unkown"	"Ultisols, Oxisols (Kandic horizon). Accurate correlation cannot be acchieved using only first level classification."	"Alessandro Samuel Rosa"
"BR"	"Braziliam System of Soil Classification"	2006	"Latossolo"	1	"L"	"Soil Taxonomy"	2010	"Oxisol"	1	"unkown"	" "	"Alessandro Samuel Rosa"
"BR"	"Braziliam System of Soil Classification"	2006	"Espodossolo"	1	"E"	"Soil Taxonomy"	2010	"Spodosol"	1	"unkown"	""	"Alessandro Samuel Rosa"
"BR"	"Braziliam System of Soil Classification"	2006	"Planossolo"	1	"S"	"Soil Taxonomy"	2010	"Alfisol"	1	"unkown"	"Alfisols, Natr (ust-ud) alf, Albaquults, Albaqualfs, Plinthaqu(alf-ept-ox-ult). Accurate correlation cannot be acchieved using only first level classification."	"Alessandro Samuel Rosa"
"BR"	"Braziliam System of Soil Classification"	2006	"Plintossolo"	1	"F"	"Soil Taxonomy"	2010	"Oxisol"	1	"unkown"	"Plinthic subgroup of many classes, such as Oxisol, Ultisol, Alfisol, Entisol, and Inceptisol. Accurate correlation cannot be acchieved using only first level classification."	"Alessandro Samuel Rosa"
"BR"	"Braziliam System of Soil Classification"	2006	"Gleissolo"	1	"G"	"Soil Taxonomy"	2010	"Entisol"	1	"unkown"	"Entisols (Aqu-alf-and-ent-ept-), Aridisols, Entisols (Aqu-sulfa-hydra-salic). Accurate correlation cannot be acchieved using only first level classification."	"Alessandro Samuel Rosa"
"BR"	"Braziliam System of Soil Classification"	2006	"Organossolo"	1	"O"	"Soil Taxonomy"	2010	"Histosol"	1	"unkown"	""	"Alessandro Samuel Rosa"
"BR"	"Braziliam System of Soil Classification"	2006	"Nitossolo"	1	"N"	"Soil Taxonomy"	2010	"Ultisol"	1	"unkown"	"Ultisols, Oxisols (Kandic), Alfisols. Accurate correlation cannot be acchieved using only first level classification."	"Alessandro Samuel Rosa"
"BR"	"Braziliam System of Soil Classification"	1990	"Rubrozem"	1	"unknown"	"Braziliam System of Soil Classification"	2006	"Argissolo"	1	"P"	"Accurate correlation cannot be acchieved using only first level classification."	"Alessandro Samuel Rosa"
"BR"	"Braziliam System of Soil Classification"	1990	"Podzólico Bruno-Acinzentado Distrófico"	3	"unknown"	"Braziliam System of Soil Classification"	2006	"Argissolo Bruno-Acinzentado"	2	"PBAC"	"Accurate correlation cannot be acchieved using only first level classification."	"Alessandro Samuel Rosa"
"BR"	"Braziliam System of Soil Classification"	1990	"Podzólico Bruno-Acinzentado Álico"	3	"unknown"	"Braziliam System of Soil Classification"	2006	"Argissolo Bruno-Acinzentado"	2	"PBAC"	"Accurate correlation cannot be acchieved using only first level classification."	"Alessandro Samuel Rosa"
"BR"	"Braziliam System of Soil Classification"	1990	"Podzólico Vermelho-Amarelo Álico Ta"	3	"unknown"	"Braziliam System of Soil Classification"	2006	"Argissolo Vermelho-Amarelo Ta Distrófico"	3	"PVAvd"	"Accurate correlation cannot be acchieved using only first level classification."	"Alessandro Samuel Rosa"
"BR"	"Braziliam System of Soil Classification"	1990	"Podzólico Vermelho-Amarelo Eutrófico Tb"	3	"unknown"	"Braziliam System of Soil Classification"	2006	"Argissolo Vermelho-Amarelo Eutrófico"	3	"PVAe"	"Argissolo, Nitossolo. Accurate correlation cannot be acchieved using only first level classification."	"Alessandro Samuel Rosa"
"BR"	"Braziliam System of Soil Classification"	1990	"Podzólico Vermelho-Amarelo Distrófico Tb"	3	"unknown"	"Braziliam System of Soil Classification"	2006	"Argissolo Vermelho-Amarelo Distrófico"	3	"PVAd"	"Argissolo, Nitossolo. Accurate correlation cannot be acchieved using only first level classification."	"Alessandro Samuel Rosa"
"BR"	"Braziliam System of Soil Classification"	1990	"Podzólico Vermelho-Escuro Eutrófico Tb"	3	"unknown"	"Braziliam System of Soil Classification"	2006	"Argissolo Vermelho Eutrófico"	3	"PVe"	"Argissolo, Nitossolo. Accurate correlation cannot be acchieved using only first level classification."	"Alessandro Samuel Rosa"
"BR"	"Braziliam System of Soil Classification"	1990	"Podzólico Vermelho-Escuro Distrófico Tb"	3	"unknown"	"Braziliam System of Soil Classification"	2006	"Argissolo Vermelho Distrófico"	3	"PVd"	"Argissolo, Nitossolo. Accurate correlation cannot be acchieved using only first level classification."	"Alessandro Samuel Rosa"
"BR"	"Braziliam System of Soil Classification"	1990	"Podzólico Amarelo"	2	"unknown"	"Braziliam System of Soil Classification"	2006	"Argissolo"	1	"PA"	"Accurate correlation cannot be acchieved using only first level classification."	"Alessandro Samuel Rosa"
"BR"	"Braziliam System of Soil Classification"	1990	"Podzólico Vermelho-Amarelo Distrófico"	3	"unknown"	"Braziliam System of Soil Classification"	2006	"Argissolo Vermelho-Amarelo Distrófico"	3	"PVAd"	"Accurate correlation cannot be acchieved using only first level classification."	"Alessandro Samuel Rosa"
"BR"	"Braziliam System of Soil Classification"	1990	"Podzólico Vermelho-Amarelo Álico Tb"	3	"unknown"	"Braziliam System of Soil Classification"	2006	"Argissolo Vermelho-Amarelo Alítico"	3	"PVAal"	"Accurate correlation cannot be acchieved using only first level classification."	"Alessandro Samuel Rosa"
"BR"	"Braziliam System of Soil Classification"	1990	"Cambissolo"	1	"unknown"	"Braziliam System of Soil Classification"	2006	"Cambisolo"	1	"C"	"Except when there is a chernozêmico A horizon or a eutrófico B horizon with high clay activity. Accurate correlation cannot be acchieved using only first level classification."	"Alessandro Samuel Rosa"
"BR"	"Braziliam System of Soil Classification"	1990	"Brunizem"	1	"unknown"	"Braziliam System of Soil Classification"	2006	"Chernossolo"	1	"M"	" "	"Alessandro Samuel Rosa"
"BR"	"Braziliam System of Soil Classification"	1990	"Rendzina"	1	"unknown"	"Braziliam System of Soil Classification"	2006	"Chernossolo"	1	"M"	" "	"Alessandro Samuel Rosa"
"BR"	"Braziliam System of Soil Classification"	1990	"Brunizem Avermelhado"	2	"unknown"	"Braziliam System of Soil Classification"	2006	"Chernossolo"	1	"M"	" "	"Alessandro Samuel Rosa"
"BR"	"Braziliam System of Soil Classification"	1990	"Brunizem Hidromórfico"	2	"unknown"	"Braziliam System of Soil Classification"	2006	"Chernossolo"	1	"M"	" "	"Alessandro Samuel Rosa"
"BR"	"Braziliam System of Soil Classification"	1990	"Podzol"	1	"unknown"	"Braziliam System of Soil Classification"	2006	"Espodossolo"	1	"E"	" "	"Alessandro Samuel Rosa"
"BR"	"Braziliam System of Soil Classification"	1990	"Podzol Hidromórfico"	2	"unknown"	"Braziliam System of Soil Classification"	2006	"Espodossolo"	1	"E"	""	"Alessandro Samuel Rosa"
"BR"	"Braziliam System of Soil Classification"	1990	"Glei Pouco Húmico"	2	"unknown"	"Braziliam System of Soil Classification"	2006	"Gleissolo"	1	"G"	""	"Alessandro Samuel Rosa"
"BR"	"Braziliam System of Soil Classification"	1990	"Glei Húmico"	2	"unknown"	"Braziliam System of Soil Classification"	2006	"Gleissolo"	1	"G"	""	"Alessandro Samuel Rosa"
"BR"	"Braziliam System of Soil Classification"	1990	"Hidromórfico Cinzento"	2	"unknown"	"Braziliam System of Soil Classification"	2006	"Gleissolo"	1	"G"	"Except when there is an abrupt textural change (Planossolo). Accurate correlation cannot be acchieved using only first level classification."	"Alessandro Samuel Rosa"
"BR"	"Braziliam System of Soil Classification"	1990	"Glei Tiomórfico"	2	"unknown"	"Braziliam System of Soil Classification"	2006	"Gleissolo"	1	"G"	""	"Alessandro Samuel Rosa"
"BR"	"Braziliam System of Soil Classification"	1990	"Solonchak"	1	"unknown"	"Braziliam System of Soil Classification"	2006	"Gleissolo Sálico"	2	"GZ"	""	"Alessandro Samuel Rosa"
"BR"	"Braziliam System of Soil Classification"	1990	"Latossolo"	1	"unknown"	"Braziliam System of Soil Classification"	2006	"Latossolo"	1	"L"	"Except Latossolo Laterítico. Accurate correlation cannot be acchieved using only first level classification."	"Alessandro Samuel Rosa"
"BR"	"Braziliam System of Soil Classification"	1990	"Bruno Não Cálcico"	2	"unknown"	"Braziliam System of Soil Classification"	2006	"Luvissolo"	1	"T"	" "	"Alessandro Samuel Rosa"
"BR"	"Braziliam System of Soil Classification"	1990	"Podzólico Vermelho-Amarelo Eutrófico Ta"	3	"unknown"	"Braziliam System of Soil Classification"	2006	"Luvissolo"	1	"T"	" "	"Alessandro Samuel Rosa"
"BR"	"Braziliam System of Soil Classification"	1990	"Podzólico Bruno-Acinzentado Eutrófico"	3	"unknown"	"Braziliam System of Soil Classification"	2006	"Luvissolo"	1	"T"	""	"Alessandro Samuel Rosa"
"BR"	"Braziliam System of Soil Classification"	1990	"Podzólico Vermelho-Escuro Eutrófico Ta"	3	"unknown"	"Braziliam System of Soil Classification"	2006	"Luvissolo"	1	"T"	""	"Alessandro Samuel Rosa"
"BR"	"Braziliam System of Soil Classification"	1990	"Litossolo"	1	"unknown"	"Braziliam System of Soil Classification"	2006	"Neossolo Litólico"	2	"RL"	""	"Alessandro Samuel Rosa"
"BR"	"Braziliam System of Soil Classification"	1990	"Solo Litólico"	1	"unknown"	"Braziliam System of Soil Classification"	2006	"Neossolo Litólico"	2	"RL"	""	"Alessandro Samuel Rosa"
"BR"	"Braziliam System of Soil Classification"	1990	"Regossolo"	1	"unknown"	"Braziliam System of Soil Classification"	2006	"Neossolo Regolítico"	2	"RR"	""	"Alessandro Samuel Rosa"
"BR"	"Braziliam System of Soil Classification"	1990	"Solo Aluvial"	1	"unknown"	"Braziliam System of Soil Classification"	2006	"Neossolo Flúvico"	2	"RY"	""	"Alessandro Samuel Rosa"
"BR"	"Braziliam System of Soil Classification"	1990	"Areia Quartzosa"	1	"unknown"	"Braziliam System of Soil Classification"	2006	"Neossolo Quartzarênico"	2	"RQ"	""	"Alessandro Samuel Rosa"
"BR"	"Braziliam System of Soil Classification"	1990	"Terra Roxa Estruturada"	2	"unknown"	"Braziliam System of Soil Classification"	2006	"Nitossolo"	1	"N"	"Accurate correlation cannot be acchieved using only first level classification."	"Alessandro Samuel Rosa"
"BR"	"Braziliam System of Soil Classification"	1990	"Terra Roxa Estruturada Similar"	2	"unknown"	"Braziliam System of Soil Classification"	2006	"Nitossolo"	1	"N"	"Accurate correlation cannot be acchieved using only first level classification."	"Alessandro Samuel Rosa"
"BR"	"Braziliam System of Soil Classification"	1990	"Terra Bruna Estruturada"	2	"unknown"	"Braziliam System of Soil Classification"	2006	"Nitossolo"	1	"N"	"Accurate correlation cannot be acchieved using only first level classification."	"Alessandro Samuel Rosa"
"BR"	"Braziliam System of Soil Classification"	1990	"Terra Bruna Estruturada Similar"	2	"unknown"	"Braziliam System of Soil Classification"	2006	"Nitossolo"	1	"N"	"Accurate correlation cannot be acchieved using only first level classification."	"Alessandro Samuel Rosa"
"BR"	"Braziliam System of Soil Classification"	1990	"Solo Orgânico"	1	"unknown"	"Braziliam System of Soil Classification"	2006	"Organossolo"	1	"O"	""	"Alessandro Samuel Rosa"
"BR"	"Braziliam System of Soil Classification"	1990	"Solo Semi-Orgânico"	1	"unknown"	"Braziliam System of Soil Classification"	2006	"Organossolo"	1	"O"	""	"Alessandro Samuel Rosa"
"BR"	"Braziliam System of Soil Classification"	1990	"Solo Tiomárfico Turfoso"	2	"unknown"	"Braziliam System of Soil Classification"	2006	"Organossolo"	1	"O"	""	"Alessandro Samuel Rosa"
"BR"	"Braziliam System of Soil Classification"	1990	"Planossolo"	1	"unknown"	"Braziliam System of Soil Classification"	2006	"Planossolo"	1	"S"	""	"Alessandro Samuel Rosa"
"BR"	"Braziliam System of Soil Classification"	1990	"Solonetz-Solodizado"	1	"unknown"	"Braziliam System of Soil Classification"	2006	"Planossolo Nátrico"	2	"SN"	""	"Alessandro Samuel Rosa"
"BR"	"Braziliam System of Soil Classification"	1990	"Laterita Hidromórfica"	2	"unknown"	"Braziliam System of Soil Classification"	2006	"Plintossolo"	1	"F"	""	"Alessandro Samuel Rosa"
"BR"	"Braziliam System of Soil Classification"	1990	"Porzólico Plíntico"	2	"unknown"	"Braziliam System of Soil Classification"	2006	"Plintossolo"	1	"F"	""	"Alessandro Samuel Rosa"
"BR"	"Braziliam System of Soil Classification"	1990	"Glei Húmico Plíntico"	3	"unknown"	"Braziliam System of Soil Classification"	2006	"Plintossolo"	1	"F"	""	"Alessandro Samuel Rosa"
"BR"	"Braziliam System of Soil Classification"	1990	"Glei Pouco Húmico Plíntico"	3	"unknown"	"Braziliam System of Soil Classification"	2006	"Plintossolo"	1	"F"	""	"Alessandro Samuel Rosa"
"BR"	"Braziliam System of Soil Classification"	1990	"Latossolo Plíntico"	2	"unknown"	"Braziliam System of Soil Classification"	2006	"Plintossolo"	1	"F"	""	"Alessandro Samuel Rosa"
"BR"	"Braziliam System of Soil Classification"	1990	"Vertissolo"	1	"unknown"	"Braziliam System of Soil Classification"	2006	"Vertissolo"	1	"V"	""	"Alessandro Samuel Rosa"
